{"cameraMode":{"drawMode":0,"name":"Shaded","section":"Shading Mode"},"sceneLighting":false,"audioPlay":false,"sceneViewState":{"m_AlwaysRefresh":false,"showFog":true,"showSkybox":false,"showFlares":true,"showImageEffects":true,"showParticleSystems":true,"showVisualEffectGraphs":true,"m_FxEnabled":true},"in2DMode":false,"pivot":{"x":-0.8606594800949097,"y":5.320094108581543,"z":-1.6227668523788453},"rotation":{"x":-0.22242550551891328,"y":0.14329364895820619,"z":-0.033052295446395877,"w":-0.9637829661369324},"size":0.4330126941204071,"orthographic":false}