{"cameraMode":{"drawMode":0,"name":"Shaded","section":"Shading Mode"},"sceneLighting":false,"audioPlay":false,"sceneViewState":{"m_AlwaysRefresh":false,"showFog":true,"showSkybox":false,"showFlares":true,"showImageEffects":true,"showParticleSystems":true,"showVisualEffectGraphs":true,"m_FxEnabled":true},"in2DMode":false,"pivot":{"x":-4.65285062789917,"y":-0.517462968826294,"z":0.018941879272460939},"rotation":{"x":-0.16258715093135835,"y":-0.07629145681858063,"z":0.012626987881958485,"w":-0.9836480617523193},"size":2.5634093284606935,"orthographic":false}